Source,Year,Mean
GCAG,2016,0.9363
GISTEMP,2016,0.99
GCAG,2015,0.8998
GISTEMP,2015,0.87
GCAG,2014,0.7408
GISTEMP,2014,0.74
GCAG,2013,0.6679
GISTEMP,2013,0.65
GCAG,2012,0.6240
GISTEMP,2012,0.63
GCAG,2011,0.5788
GISTEMP,2011,0.6
GCAG,2010,0.7014
GISTEMP,2010,0.71
GCAG,2009,0.6367
GISTEMP,2009,0.64
GCAG,2008,0.5419
GISTEMP,2008,0.54
GCAG,2007,0.6100
GISTEMP,2007,0.66
GCAG,2006,0.6125
GISTEMP,2006,0.63
GCAG,2005,0.6585
GISTEMP,2005,0.69
GCAG,2004,0.5783
GISTEMP,2004,0.55
GCAG,2003,0.6134
GISTEMP,2003,0.62
GCAG,2002,0.6023
GISTEMP,2002,0.63
GCAG,2001,0.5473
GISTEMP,2001,0.55
GCAG,2000,0.4262
GISTEMP,2000,0.42
GCAG,1999,0.4438
GISTEMP,1999,0.42
GCAG,1998,0.6344
GISTEMP,1998,0.64
GCAG,1997,0.5187
GISTEMP,1997,0.48
GCAG,1996,0.3228
GISTEMP,1996,0.35
GCAG,1995,0.4577
GISTEMP,1995,0.46
GCAG,1994,0.3409
GISTEMP,1994,0.32
GCAG,1993,0.2853
GISTEMP,1993,0.24
GCAG,1992,0.2571
GISTEMP,1992,0.23
GCAG,1991,0.4055
GISTEMP,1991,0.43
GCAG,1990,0.4328
GISTEMP,1990,0.44
GCAG,1989,0.2970
GISTEMP,1989,0.29
GCAG,1988,0.3757
GISTEMP,1988,0.41
GCAG,1987,0.3696
GISTEMP,1987,0.33
GCAG,1986,0.2296
GISTEMP,1986,0.19
GCAG,1985,0.1342
GISTEMP,1985,0.12
GCAG,1984,0.1490
GISTEMP,1984,0.15
GCAG,1983,0.3411
GISTEMP,1983,0.3
GCAG,1982,0.1815
GISTEMP,1982,0.13
GCAG,1981,0.2999
GISTEMP,1981,0.33
GCAG,1980,0.2637
GISTEMP,1980,0.27
GCAG,1979,0.2273
GISTEMP,1979,0.17
GCAG,1978,0.1123
GISTEMP,1978,0.07
GCAG,1977,0.1978
GISTEMP,1977,0.18
GCAG,1976,-0.0792
GISTEMP,1976,-0.11
GCAG,1975,0.0034
GISTEMP,1975,-0.02
GCAG,1974,-0.0719
GISTEMP,1974,-0.07
GCAG,1973,0.1641
GISTEMP,1973,0.15
GCAG,1972,0.0264
GISTEMP,1972,0.01
GCAG,1971,-0.0783
GISTEMP,1971,-0.09
GCAG,1970,0.0372
GISTEMP,1970,0.02
GCAG,1969,0.0929
GISTEMP,1969,0.07
GCAG,1968,-0.0296
GISTEMP,1968,-0.07
GCAG,1967,-0.0131
GISTEMP,1967,-0.02
GCAG,1966,-0.0227
GISTEMP,1966,-0.05
GCAG,1965,-0.0780
GISTEMP,1965,-0.1
GCAG,1964,-0.1495
GISTEMP,1964,-0.2
GCAG,1963,0.1068
GISTEMP,1963,0.06
GCAG,1962,0.0888
GISTEMP,1962,0.03
GCAG,1961,0.0775
GISTEMP,1961,0.05
GCAG,1960,0.0204
GISTEMP,1960,-0.02
GCAG,1959,0.0596
GISTEMP,1959,0.03
GCAG,1958,0.1095
GISTEMP,1958,0.07
GCAG,1957,0.0488
GISTEMP,1957,0.04
GCAG,1956,-0.1990
GISTEMP,1956,-0.2
GCAG,1955,-0.1354
GISTEMP,1955,-0.15
GCAG,1954,-0.1165
GISTEMP,1954,-0.13
GCAG,1953,0.0952
GISTEMP,1953,0.08
GCAG,1952,0.0248
GISTEMP,1952,0.01
GCAG,1951,-0.0132
GISTEMP,1951,-0.07
GCAG,1950,-0.1616
GISTEMP,1950,-0.18
GCAG,1949,-0.0568
GISTEMP,1949,-0.09
GCAG,1948,-0.0487
GISTEMP,1948,-0.09
GCAG,1947,-0.0477
GISTEMP,1947,-0.05
GCAG,1946,-0.0040
GISTEMP,1946,-0.04
GCAG,1945,0.1710
GISTEMP,1945,0.12
GCAG,1944,0.2928
GISTEMP,1944,0.25
GCAG,1943,0.1570
GISTEMP,1943,0.13
GCAG,1942,0.1538
GISTEMP,1942,0.09
GCAG,1941,0.1960
GISTEMP,1941,0.12
GCAG,1940,0.0947
GISTEMP,1940,0.08
GCAG,1939,-0.0139
GISTEMP,1939,-0.03
GCAG,1938,-0.0288
GISTEMP,1938,-0.03
GCAG,1937,-0.0157
GISTEMP,1937,-0.03
GCAG,1936,-0.1134
GISTEMP,1936,-0.15
GCAG,1935,-0.1392
GISTEMP,1935,-0.2
GCAG,1934,-0.1015
GISTEMP,1934,-0.14
GCAG,1933,-0.2439
GISTEMP,1933,-0.29
GCAG,1932,-0.1168
GISTEMP,1932,-0.17
GCAG,1931,-0.0686
GISTEMP,1931,-0.09
GCAG,1930,-0.1003
GISTEMP,1930,-0.15
GCAG,1929,-0.2985
GISTEMP,1929,-0.36
GCAG,1928,-0.1774
GISTEMP,1928,-0.21
GCAG,1927,-0.1546
GISTEMP,1927,-0.21
GCAG,1926,-0.0667
GISTEMP,1926,-0.1
GCAG,1925,-0.1481
GISTEMP,1925,-0.21
GCAG,1924,-0.2486
GISTEMP,1924,-0.28
GCAG,1923,-0.2156
GISTEMP,1923,-0.24
GCAG,1922,-0.2304
GISTEMP,1922,-0.28
GCAG,1921,-0.1485
GISTEMP,1921,-0.21
GCAG,1920,-0.2105
GISTEMP,1920,-0.27
GCAG,1919,-0.2055
GISTEMP,1919,-0.22
GCAG,1918,-0.2084
GISTEMP,1918,-0.26
GCAG,1917,-0.3146
GISTEMP,1917,-0.4
GCAG,1916,-0.2930
GISTEMP,1916,-0.34
GCAG,1915,-0.0693
GISTEMP,1915,-0.11
GCAG,1914,-0.1395
GISTEMP,1914,-0.16
GCAG,1913,-0.3162
GISTEMP,1913,-0.34
GCAG,1912,-0.3288
GISTEMP,1912,-0.35
GCAG,1911,-0.4332
GISTEMP,1911,-0.44
GCAG,1910,-0.3789
GISTEMP,1910,-0.42
GCAG,1909,-0.4261
GISTEMP,1909,-0.47
GCAG,1908,-0.4396
GISTEMP,1908,-0.43
GCAG,1907,-0.3706
GISTEMP,1907,-0.4
GCAG,1906,-0.2174
GISTEMP,1906,-0.23
GCAG,1905,-0.2931
GISTEMP,1905,-0.28
GCAG,1904,-0.4194
GISTEMP,1904,-0.44
GCAG,1903,-0.3369
GISTEMP,1903,-0.35
GCAG,1902,-0.2463
GISTEMP,1902,-0.27
GCAG,1901,-0.1417
GISTEMP,1901,-0.15
GCAG,1900,-0.0679
GISTEMP,1900,-0.09
GCAG,1899,-0.1173
GISTEMP,1899,-0.16
GCAG,1898,-0.2546
GISTEMP,1898,-0.28
GCAG,1897,-0.1224
GISTEMP,1897,-0.11
GCAG,1896,-0.0974
GISTEMP,1896,-0.15
GCAG,1895,-0.2290
GISTEMP,1895,-0.21
GCAG,1894,-0.2808
GISTEMP,1894,-0.31
GCAG,1893,-0.3212
GISTEMP,1893,-0.3
GCAG,1892,-0.3062
GISTEMP,1892,-0.27
GCAG,1891,-0.2532
GISTEMP,1891,-0.24
GCAG,1890,-0.3220
GISTEMP,1890,-0.37
GCAG,1889,-0.0982
GISTEMP,1889,-0.12
GCAG,1888,-0.1471
GISTEMP,1888,-0.2
GCAG,1887,-0.2489
GISTEMP,1887,-0.33
GCAG,1886,-0.2003
GISTEMP,1886,-0.31
GCAG,1885,-0.2125
GISTEMP,1885,-0.32
GCAG,1884,-0.2009
GISTEMP,1884,-0.28
GCAG,1883,-0.1424
GISTEMP,1883,-0.21
GCAG,1882,-0.0648
GISTEMP,1882,-0.1
GCAG,1881,-0.0628
GISTEMP,1881,-0.12
GCAG,1880,-0.1148
GISTEMP,1880,-0.2